{"precision": {"0.0": 0.871718, "1.0": 0.804015, "macro_avg": 0.837866, "weighted_avg": 0.843246}, "recall": {"0.0": 0.853722, "1.0": 0.826886, "macro_avg": 0.840304, "weighted_avg": 0.842436}, "f1-score": {"0.0": 0.862626, "1.0": 0.81529, "macro_avg": 0.838958, "weighted_avg": 0.842719}, "support": {"0.0": 8477.0, "1.0": 6152.0, "total": 14629.0}, "accuracy": 0.842436}