{"precision": {"0.0": 0.858786, "1.0": 0.759485, "macro_avg": 0.809135, "weighted_avg": 0.817409}, "recall": {"0.0": 0.816293, "1.0": 0.812093, "macro_avg": 0.814193, "weighted_avg": 0.814543}, "f1-score": {"0.0": 0.837001, "1.0": 0.784908, "macro_avg": 0.810955, "weighted_avg": 0.815295}, "support": {"0.0": 3658.0, "1.0": 2613.0, "total": 6271.0}, "accuracy": 0.814543}