{"precision": {"0.0": 0.856601, "1.0": 0.787175, "macro_avg": 0.821888, "weighted_avg": 0.827302}, "recall": {"0.0": 0.840646, "1.0": 0.807256, "macro_avg": 0.823951, "weighted_avg": 0.823951}, "f1-score": {"0.0": 0.848548, "1.0": 0.797089, "macro_avg": 0.826832, "weighted_avg": 0.826832}, "support": {"0.0": 2416.0, "1.0": 1764.0, "total": 4180.0}, "accuracy": 0.826555}