{"precision": {"0.0": 0.835765, "1.0": 0.73451, "macro_avg": 0.785138, "weighted_avg": 0.793574}, "recall": {"0.0": 0.798524, "1.0": 0.780329, "macro_avg": 0.789426, "weighted_avg": 0.790942}, "f1-score": {"0.0": 0.81672, "1.0": 0.756727, "macro_avg": 0.786723, "weighted_avg": 0.791722}, "support": {"0.0": 3658.0, "1.0": 2613.0, "total": 6271.0}, "accuracy": 0.790942}