{"precision": {"0.0": 0.825377, "1.0": 0.751674, "macro_avg": 0.788525, "weighted_avg": 0.794274}, "recall": {"0.0": 0.815811, "1.0": 0.763605, "macro_avg": 0.789708, "weighted_avg": 0.79378}, "f1-score": {"0.0": 0.820566, "1.0": 0.757593, "macro_avg": 0.789079, "weighted_avg": 0.793991}, "support": {"0.0": 2416.0, "1.0": 1764.0, "total": 4180.0}, "accuracy": 0.79378}